audio_file_name,label,MFCC,LPC,DCT
101_s1.wav,unclear,"[-463.573944,155.864777,15.834717,19.432724,-10.731399,13.441300,-12.365538,-13.302097,10.357327,-6.473394,-9.252134,-0.546576,-2.606168]","[1.000000,-1.772434,2.549815,-3.396474,3.802899,-4.307160,4.234226,-3.803130,3.121344,-2.225344,1.357991,-0.680990,0.238866]","[-0.000889,0.000119,-0.000113,-0.000576,-0.000568,-0.001447,0.001122,-0.002070,-0.002069,-0.000163,0.000120,-0.002300,-0.000257]"
101_s10.wav,clear,"[-384.596497,159.035507,19.353935,16.502022,-18.048334,10.512498,-25.529278,-19.909468,2.982457,-9.925040,-9.732489,-0.666852,-9.147902]","[1.000000,-1.834284,2.843606,-4.373638,5.049795,-5.623328,5.891499,-5.213637,4.396012,-3.375533,2.053004,-1.142830,0.505867]","[0.000666,0.004077,0.001707,0.002738,0.001390,0.002340,0.001876,0.003752,0.002962,0.004634,0.004010,0.003101,-0.000696]"
101_s11.wav,clear,"[-442.878723,139.076111,15.060707,35.094032,-29.972437,32.606758,-30.820847,4.079158,-15.024461,7.305510,-12.429152,5.433982,-8.049149]","[1.000000,-1.187653,2.054979,-3.028345,3.302138,-3.879797,3.870563,-3.473706,2.915104,-2.207350,1.370690,-0.793659,0.372990]","[0.001084,0.000259,-0.000289,-0.000453,-0.000639,0.002151,-0.001931,0.001643,-0.001508,0.000476,0.000628,-0.000497,0.000757]"
101_s12.wav,clear,"[-424.111633,149.880585,35.540359,38.207932,-28.650532,3.649882,-12.932940,-17.718826,-3.703345,5.354555,-17.395319,-2.710783,-4.285593]","[1.000000,-1.116970,1.328038,-1.664703,1.438464,-1.787923,1.226693,-0.845944,0.584559,-0.100322,0.056059,0.152103,-0.027998]","[-0.007701,-0.008649,-0.013822,-0.009744,-0.013638,-0.008252,-0.011878,-0.008211,-0.012862,-0.009008,-0.012043,-0.009626,-0.012381]"
101_s13.wav,clear,"[-450.626221,165.445221,42.615208,24.608189,-22.501694,-6.121622,-4.822845,-18.484339,-14.536131,-0.896600,-8.871809,-12.117192,-11.369899]","[1.000000,-1.805742,2.465977,-3.180639,3.615033,-4.235129,4.005335,-3.526857,2.742874,-1.958270,1.324776,-0.573914,0.248265]","[0.002327,0.002182,0.003718,0.002741,0.001963,0.003183,0.001892,0.000999,0.004350,0.006145,0.006014,0.005529,0.005712]"
101_s14.wav,clear,"[-466.216125,158.784882,41.980633,36.950962,-24.161999,-6.027504,-0.980983,-16.664206,-9.392011,2.639226,-6.237536,-11.003056,-5.157817]","[1.000000,-1.233196,0.970189,-0.703939,0.323827,-0.540118,0.087530,0.076951,-0.301775,0.435746,-0.183600,0.109560,0.085920]","[0.000239,0.004059,0.001529,0.005974,0.001067,0.003548,0.001903,0.004662,0.002642,0.003640,0.001556,0.003154,0.002599]"
101_s15.wav,clear,"[-431.288757,151.216278,39.716938,25.847336,-19.172882,6.546167,-12.722997,-15.112160,-11.058826,-3.969644,-10.387591,-5.012634,-9.505819]","[1.000000,-1.446742,2.440964,-3.383651,3.797177,-4.658795,4.470850,-4.229896,3.426164,-2.536297,1.771332,-0.910949,0.534850]","[0.000299,0.000178,0.000099,-0.000052,0.000693,0.000633,0.000728,-0.000447,0.002170,0.001468,0.001312,-0.001181,0.000950]"
101_s16.wav,unclear,"[-315.152039,160.963455,-0.588103,26.291801,-32.575546,-11.955181,-8.129635,-24.442719,-7.283042,-2.814217,-12.854989,-5.749521,-12.606660]","[1.000000,-1.629773,1.853973,-2.415280,2.748974,-3.099930,2.760383,-2.070990,1.619333,-1.065049,0.665203,-0.275925,0.082042]","[0.013676,0.004264,0.014996,0.009162,0.014731,0.006680,0.013193,0.005544,0.016999,0.008128,0.010670,0.007930,0.012827]"
101_s17.wav,clear,"[-395.006836,115.237503,34.792751,30.815960,-32.256302,16.846298,-20.989452,-5.940753,-9.656847,8.284492,-20.243099,0.105299,-12.092461]","[1.000000,-0.911584,1.675998,-2.344410,2.407540,-3.210602,2.730189,-2.723086,2.213598,-1.521527,1.188579,-0.576091,0.379587]","[-0.004297,-0.003504,-0.003545,-0.003521,-0.003918,-0.004823,-0.002420,-0.004376,-0.003426,-0.005084,-0.004030,-0.004039,-0.004822]"
101_s18.wav,unclear,"[-445.140289,159.985687,47.350273,11.046202,-22.536547,0.529124,-10.504742,-13.970865,-6.636259,-5.698314,-11.634846,-3.923099,-7.479386]","[1.000000,-1.983655,2.800442,-4.127054,4.672082,-5.153711,5.259269,-4.466064,3.769436,-2.632914,1.526838,-0.832169,0.252685]","[-0.000919,-0.001170,-0.001167,0.000688,0.000455,-0.000515,0.001428,0.000124,-0.000767,-0.000459,-0.000793,-0.000062,-0.001150]"
101_s19.wav,clear,"[-479.256073,178.764832,23.961639,31.080345,-21.412672,-5.633169,1.501033,-8.686755,-9.199404,-5.101421,-6.444351,-3.789815,-3.493312]","[1.000000,-1.206058,0.771442,-0.608745,0.392086,-0.474305,0.018988,0.148929,-0.272036,0.398694,-0.189214,0.069841,0.103421]","[-0.001477,-0.000594,0.001083,0.001831,0.002443,0.000511,0.000076,-0.000074,0.001231,0.000703,0.001742,0.000323,0.000236]"
101_s2.wav,clear,"[-465.552765,162.228271,22.997000,14.739254,-11.788932,17.547409,-19.066454,-13.156047,6.304832,-4.051692,-8.726631,-2.975741,-4.625367]","[1.000000,-1.729305,2.558642,-3.740149,4.241215,-4.889100,5.043724,-4.425107,3.781880,-2.840653,1.806619,-1.074207,0.444666]","[-0.001331,-0.000331,0.000935,0.000822,0.001528,-0.001419,0.001386,-0.000514,0.001627,-0.001085,-0.000978,0.001867,0.001153]"
101_s20.wav,clear,"[-470.659485,170.463547,36.684971,26.143509,-23.613754,-5.368750,4.045099,-7.426824,-13.366648,-4.596435,-8.836933,-0.397054,-4.134640]","[1.000000,-1.795316,2.283434,-3.076183,3.460927,-3.680674,3.447191,-3.048264,2.403465,-1.534596,0.839873,-0.376333,0.174962]","[-0.001318,-0.000660,0.000926,-0.000977,-0.000191,0.000133,0.000636,0.000154,-0.000164,-0.000340,-0.001599,-0.000391,-0.001125]"
101_s21.wav,clear,"[-416.458771,147.675598,41.442600,24.432930,-21.408567,-8.357813,8.642808,-15.697250,-16.849907,-3.257000,-6.033262,-3.270321,-9.275771]","[1.000000,-1.367478,1.111336,-1.143866,0.854591,-0.927289,0.388910,0.214411,-0.369755,0.533936,-0.389061,0.366779,-0.152552]","[-0.003824,-0.004670,-0.004109,-0.003502,-0.003502,-0.006502,-0.003048,-0.005420,-0.002385,-0.004348,-0.003653,-0.004233,-0.002340]"
101_s22.wav,clear,"[-442.414429,167.783737,28.232807,29.785217,-33.877266,8.199800,8.565896,-19.252846,-15.722701,-1.166269,-4.774929,-1.859590,-7.881140]","[1.000000,-1.213898,1.246608,-1.393257,0.964225,-1.091699,0.375578,0.139112,-0.293407,0.543410,-0.339679,0.413765,-0.199744]","[0.002143,0.004071,0.002528,0.003695,0.001834,0.005376,0.004039,0.006090,0.005365,0.004717,0.003668,0.003475,0.003262]"
101_s23.wav,clear,"[-512.726562,166.608490,35.914837,19.310312,-19.829346,7.124711,4.508813,-16.360601,-13.346675,1.941130,-3.153371,-7.797888,-6.205338]","[1.000000,-1.837734,2.283034,-2.490286,2.427256,-2.658581,2.183751,-1.664510,1.000022,-0.313885,0.080308,0.143437,-0.053942]","[-0.000824,0.000703,0.000377,0.000436,0.000137,0.000719,-0.000791,0.001848,0.001126,0.001549,0.000024,0.001985,-0.000670]"
101_s24.wav,unclear,"[-470.165833,145.076141,52.144695,31.708786,-30.396389,1.530932,8.539656,-13.438540,-12.266744,-7.447053,-9.926082,0.359140,-7.402702]","[1.000000,-1.653125,2.418989,-3.142251,3.370692,-4.047538,3.584310,-3.191014,2.477326,-1.555722,1.102783,-0.432731,0.141731]","[0.001285,-0.000198,0.000163,0.001981,0.001924,0.000661,0.000711,0.001452,0.000879,-0.000043,0.001883,-0.000467,-0.001266]"
101_s25.wav,clear,"[-408.210602,159.406357,28.817530,26.057304,-25.055729,0.451429,-10.645774,-17.683216,-4.757385,-3.091885,-9.965445,-5.318625,-10.813762]","[1.000000,-1.995488,2.868404,-3.967377,4.674076,-5.320910,5.401039,-4.770008,3.932618,-2.903455,1.901952,-1.043351,0.387379]","[0.000015,0.000388,0.001363,0.001866,0.001119,0.000608,0.001429,-0.000084,-0.000606,-0.000441,0.000349,-0.000345,-0.000468]"
101_s26.wav,unclear,"[-431.142670,151.103683,32.622955,31.194353,-30.887541,8.106130,-3.946920,-11.558316,-20.727486,3.269840,-17.586546,-0.256890,-6.464442]","[1.000000,-1.251563,1.842939,-2.716215,3.063559,-3.692298,3.315460,-3.124191,2.547459,-1.863637,1.291612,-0.575248,0.352113]","[-0.000734,-0.002135,-0.000738,-0.000914,-0.001097,-0.001472,-0.002764,-0.000672,-0.001995,0.000566,-0.001179,-0.000808,-0.001644]"
101_s27.wav,clear,"[-408.201447,162.363480,24.988678,29.103619,-40.413132,6.255725,0.340490,-20.582426,-16.811001,1.709287,-8.913738,0.188704,-13.742791]","[1.000000,-1.547059,2.379329,-3.434413,3.843912,-4.686293,4.548587,-3.988083,3.444913,-2.435085,1.697132,-0.891053,0.313039]","[-0.000448,-0.000177,0.001522,0.000915,-0.001110,-0.001607,0.000541,-0.000116,0.000880,-0.001613,0.000038,0.002283,0.000503]"
101_s28.wav,clear,"[-446.713409,145.981018,47.267967,21.541527,-28.362125,4.868720,-6.814384,-9.687814,-15.539027,-4.441428,-7.431493,-2.130140,-6.993693]","[1.000000,-1.657093,2.515817,-3.711797,4.147451,-4.794063,4.823962,-4.178080,3.546385,-2.486378,1.622980,-0.849387,0.249196]","[-0.002378,-0.001434,-0.001774,-0.001156,-0.002137,-0.000779,-0.001577,0.000106,-0.000968,-0.001394,-0.000722,-0.001009,-0.000884]"
101_s29.wav,clear,"[-405.951447,149.799377,35.400326,34.330158,-32.975502,-5.627399,-2.033044,-18.066841,-10.591897,-3.707568,-4.814596,-3.375363,-9.453473]","[1.000000,-1.624982,2.060032,-2.544745,2.536216,-2.758838,2.370870,-1.786221,1.193274,-0.592320,0.298370,-0.012579,0.027868]","[-0.001800,-0.000202,-0.000001,0.002985,0.004083,0.002696,0.003241,0.003630,0.001619,-0.000148,0.000925,0.003785,0.003100]"
101_s3.wav,clear,"[-464.336853,152.767700,23.438610,17.583059,-12.883775,17.619389,-16.878014,-12.230617,1.483624,-2.736269,-7.135434,-0.188485,-6.351238]","[1.000000,-1.547688,2.652750,-3.913494,4.313318,-5.046973,5.083300,-4.551549,3.935194,-2.907681,1.798507,-0.988929,0.380863]","[-0.000709,0.001014,-0.000421,-0.002102,0.000485,0.000731,0.000383,0.000704,-0.000799,0.000953,-0.000042,0.000413,0.000072]"
101_s30.wav,clear,"[-394.551056,145.683807,36.154697,31.992071,-32.706905,-9.615069,0.859767,-17.438192,-18.328424,-2.972320,-5.999997,-3.367472,-14.398571]","[1.000000,-1.793611,2.668486,-3.708541,4.367457,-5.100391,5.004256,-4.499069,3.669513,-2.687528,1.840788,-0.911119,0.360735]","[-0.000621,-0.001063,0.003033,-0.000886,0.002517,-0.001988,0.001054,-0.002713,0.002645,-0.002066,0.002767,-0.001479,0.001096]"
101_s31.wav,clear,"[-398.836273,147.542831,37.598888,21.577055,-30.266521,-4.131726,-0.488628,-14.345715,-15.084249,-2.595584,-7.771785,-2.267340,-9.488834]","[1.000000,-1.659229,2.542226,-3.644360,4.125495,-4.786482,4.751238,-4.221702,3.503577,-2.532354,1.627265,-0.841072,0.382351]","[-0.000660,-0.000552,-0.000948,-0.000528,-0.000302,-0.001437,0.003744,-0.000035,0.000002,-0.001173,0.000688,-0.000572,-0.000483]"
101_s32.wav,clear,"[-395.048553,138.349503,38.573154,23.284880,-26.492559,-4.516884,-7.404887,-16.971231,-11.263785,-2.655426,-11.125089,-2.809084,-9.657689]","[1.000000,-1.572157,2.290744,-3.355029,3.806213,-4.431399,4.364993,-3.888881,3.289157,-2.362113,1.599751,-0.831665,0.341516]","[-0.001738,-0.000050,0.000925,-0.000078,-0.000598,-0.000721,0.001884,-0.000617,0.000898,-0.001214,-0.000221,-0.001655,0.003308]"
101_s33.wav,clear,"[-368.051025,155.977875,12.980751,20.122038,-27.225248,-7.479816,-6.609996,-17.862978,-13.402601,-1.343756,-14.186201,2.096151,-12.176508]","[1.000000,-1.975700,2.564868,-3.458822,4.230548,-4.856609,4.872038,-4.242676,3.514504,-2.601742,1.767834,-1.009555,0.351262]","[-0.002868,-0.001551,-0.001285,-0.000774,-0.000342,0.000743,-0.001146,-0.000535,-0.001620,-0.001309,-0.001605,-0.001716,-0.002658]"
101_s34.wav,clear,"[-390.628845,142.409180,32.270138,22.597300,-30.071779,-11.608806,-1.125188,-13.751337,-16.284859,-2.428904,-7.936764,-0.503422,-11.526908]","[1.000000,-1.544844,2.252694,-3.036713,3.433013,-4.147885,3.823902,-3.310038,2.757299,-1.862808,1.295944,-0.582658,0.206738]","[0.003551,0.008922,0.008417,0.010929,0.005539,0.010550,0.006870,0.010210,0.006154,0.011783,0.006726,0.008265,0.007111]"
101_s35.wav,clear,"[-475.607727,164.363480,41.893948,22.437395,-21.389158,5.783426,-9.840168,-7.254315,-6.646871,-2.096573,-7.267618,-3.889266,-2.897757]","[1.000000,-1.669349,2.454855,-3.433895,3.808519,-4.407148,4.306151,-3.853132,3.091739,-2.162345,1.423132,-0.721138,0.310790]","[0.000659,-0.000297,-0.001877,-0.000644,0.002451,-0.000134,-0.001747,-0.000346,0.000677,-0.001712,-0.000617,0.001217,0.000538]"
101_s36.wav,clear,"[-448.299255,148.660751,40.659485,33.553879,-43.437923,7.624638,4.161369,-19.299236,-10.825314,-1.701886,-15.132101,2.557748,-6.449404]","[1.000000,-1.649197,2.638904,-3.531442,3.962521,-4.826863,4.536944,-4.137460,3.334964,-2.336749,1.622433,-0.777175,0.354095]","[-0.000585,0.001406,-0.000161,0.001223,0.000320,0.001533,-0.000138,0.001212,-0.000104,0.001902,0.000175,0.001899,0.001047]"
101_s37.wav,unclear,"[-471.029999,188.096298,41.083122,-6.513913,-28.600447,15.416150,12.777002,-19.127562,-17.488510,0.461169,-1.407194,3.518231,-13.507266]","[1.000000,-1.890276,1.912696,-2.389784,2.509998,-2.507135,2.578600,-1.861030,1.346597,-0.824026,0.258452,-0.348747,0.252870]","[-0.000239,-0.001290,-0.001017,0.000537,-0.001527,-0.000541,0.000553,-0.000147,-0.002005,-0.000853,-0.000564,0.000060,-0.000905]"
101_s38.wav,unclear,"[-392.385590,164.106491,25.728720,20.886305,-21.585337,-0.564434,-0.837983,-21.763512,-12.902223,-4.695849,-11.001884,-2.131804,-6.920214]","[1.000000,-2.284818,3.057126,-3.742346,4.072899,-4.442213,4.393177,-3.624865,2.746746,-1.722560,0.915871,-0.384732,0.070519]","[0.000231,-0.000882,-0.001406,-0.002547,0.003096,-0.002079,0.003092,-0.000712,-0.000365,-0.003690,0.001074,-0.001957,0.002762]"
101_s39.wav,clear,"[-436.099396,152.375381,32.898315,27.676594,-31.465910,2.686971,8.232413,-15.037134,-20.182615,0.390786,-6.935702,1.087501,-11.615956]","[1.000000,-1.541177,2.486194,-3.282761,3.872836,-4.761003,4.405391,-4.206016,3.364490,-2.476652,1.810876,-0.846918,0.445664]","[-0.001955,0.000651,-0.000599,0.000290,0.001394,0.001065,0.000740,-0.000868,0.001526,0.000444,-0.000328,-0.001757,0.000544]"
101_s4.wav,unclear,"[-463.379944,165.409592,23.496384,8.761477,-5.234048,14.627562,-12.344214,-10.763309,5.399945,-2.562048,-8.829135,-3.112115,-5.255795]","[1.000000,-1.507815,1.575908,-2.061767,1.982339,-1.922744,1.667568,-1.038280,0.637127,-0.266795,0.005802,-0.058134,0.078102]","[-0.002088,-0.001353,-0.003402,-0.002368,-0.001396,-0.003314,-0.002658,-0.000626,-0.000973,-0.000287,-0.001602,-0.000861,-0.003508]"
101_s40.wav,clear,"[-430.874847,165.793701,29.886316,12.529792,-26.564939,9.466477,-8.187778,-25.122799,-4.186986,7.952223,-9.820462,-5.823486,-10.944486]","[1.000000,-1.684240,2.271596,-3.306152,3.710463,-4.367499,4.474656,-3.774402,3.219622,-2.337846,1.590890,-0.970285,0.328700]","[0.000478,0.001048,0.000198,-0.000551,-0.000948,-0.001389,-0.000181,-0.000723,0.001199,0.001433,0.000622,-0.000285,-0.000341]"
101_s41.wav,clear,"[-430.436035,165.812759,28.553053,22.549679,-24.077253,8.470443,-16.163393,-24.028774,-2.205521,3.110549,-12.009481,-0.305604,-13.988829]","[1.000000,-1.470278,2.307591,-3.217725,3.420112,-4.272673,4.088032,-3.579442,3.044844,-2.067095,1.433783,-0.778638,0.279866]","[-0.001490,-0.001126,-0.000607,0.000113,-0.001062,-0.000792,-0.001856,0.000162,-0.000472,-0.000757,0.000611,-0.001203,0.000063]"
101_s42.wav,clear,"[-441.704590,152.214951,40.311119,28.837263,-35.224834,11.106264,-8.027648,-18.554239,-13.667503,-3.668611,-5.924391,-1.098236,-14.075871]","[1.000000,-1.455905,2.376179,-3.484692,3.765514,-4.645562,4.537670,-3.947198,3.397071,-2.370740,1.601502,-0.861896,0.333407]","[0.001721,0.000923,0.000605,0.001835,0.001429,-0.000164,0.001710,0.001470,0.000094,0.001052,0.000516,-0.000048,-0.000447]"
101_s43.wav,clear,"[-446.383270,165.744766,40.730721,25.640507,-32.066910,0.930124,-2.700194,-18.293732,-9.723728,-6.319717,-5.834680,1.353373,-11.045492]","[1.000000,-1.873883,2.751228,-3.841828,4.263370,-4.878486,4.793219,-4.061850,3.304473,-2.265485,1.426526,-0.672496,0.203154]","[-0.004792,0.004404,-0.004536,0.004630,-0.005200,0.003905,-0.004459,0.002926,-0.005956,0.003330,-0.004010,0.002858,-0.004039]"
101_s44.wav,clear,"[-407.787811,165.273438,19.387600,31.932024,-28.298262,-7.179743,-6.437213,-17.558767,-14.131648,-2.971060,-2.679296,-7.074606,-12.478412]","[1.000000,-1.697579,2.264679,-3.153971,3.643296,-3.987169,3.752284,-3.310251,2.581373,-1.775222,1.129089,-0.421895,0.154478]","[-0.000101,0.000243,-0.000808,-0.000879,-0.000365,-0.000581,-0.000220,-0.000553,0.000769,-0.001992,-0.002053,-0.000152,0.000253]"
101_s45.wav,clear,"[-374.801117,165.163757,13.184340,34.156395,-24.057798,-20.091583,-8.074409,-15.992867,-11.199784,-7.401206,-10.506576,4.079695,-15.793739]","[1.000000,-2.127231,2.874602,-3.765718,4.583919,-5.362174,5.369982,-4.614784,3.709250,-2.798996,1.932905,-0.990406,0.304202]","[0.001448,0.001353,-0.000669,-0.003181,-0.000197,0.000286,0.001397,0.000228,0.000596,0.001415,0.003370,-0.000463,-0.000186]"
101_s46.wav,clear,"[-401.876770,144.612762,43.757595,21.378675,-24.327391,-13.115748,-4.188425,-13.593755,-10.906686,-7.616889,-8.681203,-0.381917,-10.323224]","[1.000000,-1.868408,2.717388,-3.811219,4.354627,-4.995072,5.004759,-4.402976,3.659108,-2.659791,1.697805,-0.869708,0.334617]","[0.000645,-0.000061,0.003260,-0.001775,0.001672,-0.001108,0.001537,-0.000702,0.001320,-0.002009,0.003000,-0.000776,0.000599]"
101_s47.wav,unclear,"[-462.596375,170.391479,25.637497,36.846664,-30.357529,10.544687,-8.242291,-10.581375,-14.031579,-0.399846,-8.375843,-1.864698,-7.072952]","[1.000000,-1.271157,1.856125,-2.767855,2.727597,-3.195121,2.989258,-2.561777,2.087344,-1.301448,0.903555,-0.382130,0.122976]","[-0.001797,-0.001676,-0.004098,-0.002597,-0.004004,-0.001930,-0.003075,-0.002280,-0.002218,-0.002703,-0.004135,-0.002394,-0.004174]"
101_s48.wav,clear,"[-426.194092,153.811417,42.852222,27.603960,-24.331682,-10.552873,-3.491710,-14.300270,-13.435919,-9.524458,-5.826742,1.275543,-10.152583]","[1.000000,-1.870755,2.738533,-3.778000,4.394005,-5.115185,5.126925,-4.585643,3.724764,-2.749435,1.845524,-1.010864,0.445148]","[-0.000655,0.001054,-0.000272,-0.000736,-0.001427,0.000042,-0.000559,0.000699,0.000264,0.000229,0.000217,-0.000416,0.001540]"
101_s49.wav,clear,"[-364.756714,150.014725,29.262508,23.812540,-20.980604,-18.587273,-7.316099,-16.653980,-13.098355,-9.560593,-9.715074,1.151889,-12.683733]","[1.000000,-1.587188,1.703668,-1.910027,1.914872,-2.105650,1.611064,-0.971906,0.529539,-0.184861,0.043099,0.172884,-0.053879]","[0.003259,0.006326,0.003171,0.007942,0.006654,0.006360,0.007104,0.006875,0.006436,0.005506,0.006546,0.004131,0.007935]"
101_s5.wav,clear,"[-432.622131,150.420685,16.210787,27.362244,-17.145697,22.351461,-25.915361,-11.907047,4.161175,-9.414364,-9.537197,-0.351663,-5.993462]","[1.000000,-1.910634,3.201072,-4.822285,5.646973,-6.433522,6.625185,-5.886396,4.923640,-3.651960,2.209828,-1.206771,0.485478]","[0.000430,-0.000472,0.001288,-0.001638,0.000207,-0.000353,0.002264,0.000177,0.000012,0.000821,0.001868,0.000924,-0.001346]"
101_s50.wav,clear,"[-395.810944,150.036407,39.825603,24.358610,-20.814095,-13.484197,-10.841026,-15.509603,-16.740086,-6.361488,-9.828832,-1.857410,-9.627598]","[1.000000,-1.835180,2.613899,-3.657607,4.295055,-4.909465,4.815225,-4.309664,3.529110,-2.534346,1.647358,-0.858501,0.383865]","[-0.001230,-0.000092,0.000538,-0.000481,-0.001929,-0.001533,-0.001236,-0.000449,0.000683,0.001009,-0.001195,0.001973,-0.001025]"
101_s51.wav,clear,"[-367.780640,170.674286,1.750439,21.926754,-33.296864,-15.166584,-3.456731,-25.027565,-9.122740,-9.338471,-10.402410,-3.231572,-18.480865]","[1.000000,-2.718970,4.222744,-5.216225,5.644539,-6.067756,6.194250,-5.517246,4.181926,-2.622449,1.379068,-0.531613,0.125295]","[-0.000306,-0.000828,-0.001990,0.000875,-0.001792,-0.000288,-0.002164,0.000742,-0.001522,-0.000331,-0.001351,-0.000743,-0.000603]"
101_s52.wav,clear,"[-379.612396,146.295929,29.028862,23.615406,-28.218740,-13.239770,-6.473597,-16.250322,-12.242060,-5.687508,-10.909462,0.721302,-11.769984]","[1.000000,-1.874420,2.653537,-3.692619,4.389217,-5.066679,5.122297,-4.569329,3.748981,-2.776524,1.886776,-1.054062,0.429777]","[0.000402,-0.000407,-0.001425,-0.000578,0.002120,-0.001101,-0.000309,0.002588,-0.003275,0.000274,0.001732,0.001073,-0.004410]"
101_s53.wav,clear,"[-376.426300,157.674942,26.371649,24.272655,-31.522089,-15.628382,-3.086159,-20.124508,-14.327148,1.957046,-12.005791,-1.437826,-13.229894]","[1.000000,-2.060177,2.859101,-3.798938,4.631282,-5.431535,5.361596,-4.643780,3.800131,-2.869058,1.959178,-0.948678,0.291832]","[0.000365,0.000079,0.002124,0.000636,-0.000303,0.000895,0.001242,-0.000575,0.000580,0.001464,0.000625,-0.001768,0.001210]"
101_s6.wav,clear,"[-365.757599,138.596024,-4.651955,26.569466,-23.420601,28.048069,-28.557682,-7.605810,-1.549245,-2.589371,-7.972132,0.456704,-9.096889]","[1.000000,-1.315262,2.007896,-2.859371,3.259037,-3.603016,3.454541,-3.092057,2.456069,-1.753391,1.118323,-0.598133,0.275441]","[-0.002329,-0.001170,-0.003150,-0.001853,-0.002111,-0.005591,-0.002785,-0.001580,-0.002396,-0.002243,-0.002543,0.000392,-0.002585]"
101_s7.wav,clear,"[-448.985870,143.915405,31.356039,21.830811,-18.932198,21.165310,-20.293123,-12.280621,4.602384,-11.759503,-7.379468,1.964612,-7.259312]","[1.000000,-1.679091,2.622646,-3.808662,4.056695,-4.563492,4.624785,-3.947036,3.337154,-2.410610,1.448632,-0.778184,0.322663]","[-0.000579,0.002413,0.003503,0.000194,0.003570,0.000923,0.001659,0.001168,0.002710,0.001036,0.002033,0.001304,0.004101]"
101_s8.wav,clear,"[-421.468536,137.842758,27.551918,25.221619,-22.274668,24.223845,-23.610033,-13.683234,0.373075,-4.413577,-10.099362,-0.043750,-3.176726]","[1.000000,-1.687249,2.789107,-4.045883,4.553148,-5.261603,5.203041,-4.724150,4.057958,-2.898760,1.836950,-0.979840,0.362096]","[-0.001774,0.001780,0.002724,-0.002019,0.000750,0.001511,-0.001062,-0.000757,0.000945,0.001300,-0.000335,0.001237,-0.000377]"
101_s9.wav,clear,"[-384.812195,158.397446,10.836389,21.548380,-17.997252,5.724165,-23.897337,-20.643194,6.778363,-11.615192,-11.564222,2.758042,-9.315537]","[1.000000,-1.914830,2.469604,-3.178627,3.379607,-3.472746,3.397968,-2.700914,1.959320,-1.305611,0.625400,-0.317778,0.208077]","[0.002037,-0.003029,0.002491,-0.002284,0.001136,-0.001330,0.002799,-0.002843,0.001465,-0.002905,0.003313,-0.002117,0.001192]"
102_s1.wav,clear,"[-438.257782,166.194855,-1.368144,22.265968,-21.858549,27.630964,-24.665470,-11.955486,-4.527350,-0.785641,-8.048914,-6.437479,-5.567037]","[1.000000,-2.076736,3.552473,-5.220941,6.099677,-6.727918,6.994671,-6.327327,5.398696,-4.090593,2.422733,-1.259605,0.431052]","[-0.000780,-0.000948,0.001817,0.000507,-0.000336,-0.001056,0.001125,0.002495,0.003276,-0.001928,-0.000695,0.000207,0.001336]"
102_s2.wav,clear,"[-381.061157,182.285858,-9.486973,16.903959,-2.082488,10.688484,-19.462637,-18.465231,-11.142176,-1.638350,-3.710568,-4.537679,-2.584977]","[1.000000,-2.110876,2.555551,-2.787815,2.711072,-2.308780,1.884235,-1.214432,0.446195,0.096191,-0.350823,0.263847,-0.082328]","[-0.001134,-0.006138,-0.004244,0.000824,-0.004874,0.001722,-0.001856,-0.003426,0.001902,-0.004176,-0.001848,-0.001454,-0.005207]"
102_s3.wav,clear,"[-315.314606,164.539902,-14.224030,22.077322,4.820050,4.343137,-25.371937,-16.195107,-13.227491,-6.850020,-8.870485,-11.448218,-2.067043]","[1.000000,-2.703827,4.505840,-6.407940,7.945771,-8.753245,8.851521,-8.132319,6.688397,-4.851648,2.990426,-1.479317,0.447266]","[-0.002597,-0.002408,0.000036,-0.000406,0.001630,0.006915,-0.000697,0.004770,-0.004647,0.001474,-0.002399,0.003579,0.004778]"
102_s4.wav,clear,"[-328.364014,157.023453,-13.629169,16.836512,1.167225,3.887389,-21.094646,-15.762622,-13.455896,-3.997791,-4.891560,-9.669625,-3.207806]","[1.000000,-2.754630,4.551075,-6.356186,7.905998,-8.732758,8.776992,-8.039358,6.605788,-4.772496,2.960849,-1.483080,0.437307]","[0.002275,-0.000179,-0.000843,0.004592,-0.002202,0.003261,-0.005019,0.002248,-0.004477,-0.000544,-0.000235,0.000956,0.000499]"
102_s5.wav,clear,"[-319.766388,151.767639,-8.243218,20.140478,-1.324377,-2.490120,-23.126411,-12.508872,-16.103260,-8.278508,-2.932675,-8.263376,-2.739064]","[1.000000,-2.621080,4.296161,-5.930983,7.125634,-7.729623,7.771648,-7.134543,5.864534,-4.240185,2.583960,-1.214955,0.354636]","[0.008755,-0.004055,0.008809,-0.003170,0.001642,-0.006845,0.007508,-0.003528,0.010389,-0.004146,0.005083,-0.002831,0.000946]"
102_s6.wav,clear,"[-319.487732,158.971222,-14.265102,18.751921,8.147872,-4.445529,-21.115393,-9.791890,-19.658207,-5.873836,-5.081697,-10.616792,-1.347432]","[1.000000,-2.668584,4.333516,-6.074768,7.653306,-8.539335,8.610796,-7.927199,6.497042,-4.667646,2.941459,-1.523961,0.475370]","[0.003821,0.002311,-0.002059,-0.005564,-0.000299,-0.000608,0.002435,0.001757,-0.003657,-0.000630,0.003747,-0.000130,0.001945]"
102_s7.wav,clear,"[-402.151794,145.524078,15.715598,11.233126,-3.355768,3.941507,-9.838561,-14.175918,-9.198317,-3.518964,-5.547490,-3.193049,-3.119389]","[1.000000,-2.482081,4.028651,-5.709143,7.048935,-7.827911,7.794319,-7.035269,5.705496,-4.018991,2.470836,-1.215673,0.377594]","[-0.002279,0.001907,0.000775,0.000651,-0.003993,0.002007,0.000930,-0.000810,-0.001937,0.000007,0.001991,0.000547,-0.002478]"
103_s1.wav,clear,"[-409.935608,165.491470,-3.410433,22.414185,-11.249451,15.116055,-21.781425,-3.046434,-14.572256,3.213289,-4.457665,-5.882147,-5.519403]","[1.000000,-2.044089,2.949644,-4.185628,5.024544,-5.444134,5.561919,-5.023438,4.131959,-3.002056,1.847048,-1.019963,0.384668]","[-0.001335,0.000541,-0.000596,0.000417,-0.000255,0.000804,0.000206,0.001815,0.000706,0.000122,-0.000308,0.000258,-0.000898]"
103_s10.wav,clear,"[-415.998901,168.871628,18.597776,8.455223,-5.937673,6.819899,-21.019449,-7.826679,-8.606029,-2.204334,-5.406022,-9.494442,-4.733809]","[1.000000,-2.211404,3.192885,-4.547009,5.541394,-5.959393,6.047055,-5.495135,4.494329,-3.248034,1.977772,-1.080872,0.417204]","[-0.002044,0.001263,0.000204,0.001143,0.000913,0.000784,-0.000682,-0.000042,-0.000291,0.000730,0.000153,-0.000919,0.000820]"
103_s11.wav,clear,"[-508.611969,178.539017,20.802179,23.430189,-21.550867,15.372925,-18.357454,-1.328062,-6.371973,-3.445908,-5.220924,-5.750665,-2.755855]","[1.000000,-1.492446,2.251246,-3.507541,3.790272,-4.029058,4.193995,-3.519436,2.735767,-2.033263,1.146809,-0.583923,0.271563]","[-0.000239,0.000132,-0.000720,0.000343,0.000436,-0.001837,-0.000186,0.001161,-0.000030,-0.002443,-0.000153,0.001351,0.000582]"
103_s12.wav,clear,"[-383.694794,133.126083,20.224596,17.212692,-4.108654,3.534120,-23.015779,-2.407073,-13.343510,-6.405735,-8.064508,-7.108883,-5.201849]","[1.000000,-1.814111,2.638153,-3.891471,4.636359,-5.057884,5.236267,-4.753870,3.920457,-2.973303,1.860262,-1.046460,0.447121]","[-0.003129,0.004288,0.000319,-0.000202,-0.005188,0.004051,-0.004960,0.000737,-0.000035,0.001433,-0.002396,0.005043,-0.002842]"
103_s13.wav,unclear,"[-473.252197,178.312103,23.598223,15.491544,-30.390280,13.782144,-1.497345,-13.807965,-9.357549,4.127215,-1.589959,-11.937687,-4.105733]","[1.000000,-2.023283,2.441167,-2.946561,2.966892,-2.810359,2.559313,-1.930619,1.296066,-0.448597,-0.095018,0.084987,-0.026248]","[0.001538,-0.001321,-0.000087,0.002223,-0.001875,-0.002019,-0.000204,-0.003259,0.000347,0.001275,0.000168,0.001057,0.000594]"
103_s14.wav,clear,"[-345.318512,149.203323,7.825982,21.023090,11.828824,1.819622,-29.665342,-4.059139,-11.869727,-7.544429,-10.437155,-11.192967,-2.931097]","[1.000000,-2.032237,2.810513,-4.110895,5.131063,-5.426587,5.513471,-5.196966,4.242298,-3.087664,1.987857,-1.110751,0.414398]","[0.003173,-0.011014,0.005517,-0.004914,0.005789,-0.005060,0.003544,-0.006063,0.009315,-0.002581,0.007132,-0.006204,0.006443]"
103_s15.wav,clear,"[-378.099579,137.263840,7.936240,29.465628,-26.249249,21.155479,-33.059811,10.680001,-25.630270,11.238210,-19.824045,-0.513777,-7.513360]","[1.000000,-1.639401,2.509553,-3.689853,4.233694,-4.650512,4.625235,-3.989404,3.210121,-2.282382,1.322973,-0.637235,0.220096]","[0.000319,0.000614,0.000922,-0.000457,0.001042,0.000377,0.001169,0.000022,0.001846,-0.000309,-0.000465,-0.001087,0.000294]"
103_s16.wav,clear,"[-424.720734,171.266083,16.037523,14.722205,-1.841977,4.296427,-23.034903,-3.139843,-11.951970,-3.683059,-6.225254,-9.539578,-1.919981]","[1.000000,-2.167222,2.989583,-4.220502,5.196747,-5.476847,5.538311,-5.154877,4.165282,-2.994569,1.879199,-1.005086,0.366680]","[-0.001572,-0.000350,-0.000370,-0.000536,-0.001393,-0.001257,0.000444,-0.001397,-0.000907,-0.000344,-0.000719,0.002077,0.000310]"
103_s17.wav,clear,"[-489.848053,183.326797,15.617917,25.565489,-17.310734,6.335260,-12.640564,-5.771108,-13.146252,-3.229108,1.227331,-6.094856,-5.750326]","[1.000000,-2.113369,2.550475,-2.992281,3.278782,-3.174436,2.951640,-2.491622,1.630354,-0.798524,0.300527,-0.115868,0.071658]","[-0.000118,-0.000262,0.000282,0.001296,0.000755,0.000008,0.000227,-0.001438,-0.000526,-0.000290,0.000331,-0.000232,0.000492]"
103_s18.wav,clear,"[-430.303741,163.198853,2.673849,34.343948,-12.729450,9.943519,-17.364635,-4.634349,-11.723318,2.874764,-7.752827,-5.366239,-3.943696]","[1.000000,-2.205797,3.216254,-4.366475,5.223317,-5.631225,5.583856,-5.073147,4.106714,-2.898885,1.729118,-0.908867,0.315061]","[0.001254,-0.000101,-0.001845,0.000320,0.000201,-0.002052,-0.000294,-0.000894,0.000505,-0.000208,-0.000779,-0.000884,0.000234]"
103_s19.wav,unclear,"[-476.999878,169.964142,34.178963,19.049015,-17.612265,4.667249,-0.811766,-11.126221,-4.700758,-2.903228,-0.662214,-7.804742,-2.440156]","[1.000000,-2.515641,3.190541,-3.268235,3.073144,-2.543162,1.915884,-1.378569,0.714568,0.123689,-0.686135,0.562270,-0.146718]","[0.000072,-0.002233,0.002180,0.002004,0.001704,-0.000186,0.001341,-0.000926,0.000948,0.001125,0.001728,0.000650,0.000558]"
103_s2.wav,clear,"[-469.110779,145.292526,30.536409,17.517838,-3.111530,7.876408,-14.774797,-3.519201,-4.962860,-1.499528,-4.959641,-5.460816,-3.693561]","[1.000000,-1.706137,2.766091,-3.886227,4.554873,-5.075894,5.102236,-4.583988,3.689272,-2.745880,1.633115,-0.875287,0.321629]","[0.000963,-0.000295,-0.001467,0.003051,-0.002092,-0.000414,0.001682,-0.002554,-0.000048,0.001636,-0.002040,0.002310,0.000379]"
103_s20.wav,clear,"[-447.401794,180.869995,11.519697,7.684076,-3.497930,2.189047,-15.630110,-9.658249,-12.138869,-2.197603,-3.541202,-6.326759,-2.423431]","[1.000000,-2.130585,2.558680,-3.483504,4.672637,-4.914013,4.826129,-4.714275,3.863496,-2.668794,1.895653,-1.228368,0.443101]","[-0.000464,0.000861,-0.001279,0.000469,0.000887,-0.000875,0.000373,-0.000598,-0.000504,-0.001063,-0.000120,-0.000204,0.001044]"
103_s21.wav,clear,"[-353.082428,153.541641,-2.891943,18.337484,2.434024,1.661333,-24.259706,-4.603955,-15.319290,-2.753355,-8.025917,-11.051328,-3.580995]","[1.000000,-1.933554,2.729617,-3.998648,4.966626,-5.271453,5.366533,-5.043891,4.102649,-3.016082,1.961461,-1.075925,0.385926]","[-0.000142,0.001051,-0.003227,-0.000028,0.000171,0.001725,-0.002103,0.000083,0.002316,0.002445,-0.002503,0.001497,-0.002446]"
103_s22.wav,clear,"[-502.906647,176.159668,25.029840,29.565111,-25.295782,13.045441,-9.586648,-4.845303,-8.811330,-0.878089,-1.980755,-3.927007,-6.284952]","[1.000000,-1.716780,1.860971,-2.268521,2.163848,-1.946134,1.691454,-1.188293,0.604895,-0.002015,-0.227329,0.188216,-0.064352]","[-0.001290,-0.001137,-0.000179,0.001586,-0.000663,-0.001962,0.000809,0.000049,-0.000357,-0.000956,-0.000531,-0.001425,0.000352]"
103_s23.wav,unclear,"[-461.831604,138.664139,12.572818,48.316631,-32.130627,37.194855,-32.107147,4.367260,-14.001955,13.725969,-13.687331,4.608227,-5.085580]","[1.000000,-1.072903,2.106825,-2.778262,3.177869,-3.721824,3.581709,-3.247341,2.635893,-1.898609,1.213262,-0.651883,0.289112]","[-0.001032,-0.001285,0.001126,0.000047,0.000928,0.000203,-0.001398,-0.000329,-0.000178,-0.000947,-0.000089,-0.000569,-0.000189]"
103_s3.wav,clear,"[-407.861664,156.972763,11.064675,16.497814,-4.376517,9.094238,-26.404322,-2.319559,-12.315864,-4.526057,-9.998190,-7.374042,-5.505232]","[1.000000,-1.898811,2.711091,-3.960400,4.766742,-5.250880,5.431601,-4.878666,4.010441,-3.054860,1.917103,-1.089631,0.486425]","[-0.002000,0.002984,-0.005748,0.002321,0.000997,0.000921,0.000211,-0.000641,0.000555,0.002102,-0.002316,0.002507,-0.002839]"
103_s4.wav,unclear,"[-488.275909,158.845367,40.285255,17.087934,-10.594685,8.327756,-14.730842,-4.688507,-8.788407,-0.263547,-4.172203,-6.980299,-4.051121]","[1.000000,-1.764594,2.449838,-3.665657,4.280060,-4.611106,4.722822,-4.257448,3.504669,-2.589454,1.609895,-0.908978,0.382483]","[-0.000578,0.000207,-0.000661,0.000844,-0.000417,0.000155,-0.000922,0.000630,0.000082,0.000614,-0.000001,-0.000407,-0.000472]"
103_s5.wav,clear,"[-409.369843,165.739319,12.505832,13.761884,1.392904,8.189658,-22.250700,-5.533514,-11.651896,-2.976062,-4.919084,-8.407025,-6.628515]","[1.000000,-1.962358,2.658074,-3.905170,4.749068,-4.975479,5.115711,-4.744415,3.832827,-2.800030,1.761737,-0.986594,0.377213]","[-0.000017,-0.000212,-0.001105,-0.000256,-0.000956,0.000647,0.003906,-0.003270,-0.000173,0.002045,0.000053,-0.000595,-0.000687]"
103_s6.wav,unclear,"[-512.434875,179.521393,31.733004,18.362009,-16.438736,8.201880,-13.903300,-4.757763,-9.779201,-1.159239,-2.608025,-6.147645,-2.381524]","[1.000000,-1.625469,1.950317,-2.999843,3.716910,-3.808251,3.869814,-3.707223,2.923033,-2.142364,1.474137,-0.914991,0.397896]","[-0.000352,-0.000113,-0.001042,0.000145,-0.000859,-0.000118,-0.000279,-0.000024,-0.002140,-0.000311,0.000178,0.000025,-0.000593]"
103_s7.wav,clear,"[-416.969788,170.925934,11.005051,15.472375,-1.688054,8.618508,-23.197565,-7.875211,-8.646610,-1.567839,-7.615294,-11.951923,-3.750633]","[1.000000,-2.138021,3.105341,-4.512943,5.562624,-5.958370,6.059350,-5.624504,4.605991,-3.367000,2.093885,-1.150055,0.440648]","[-0.000848,-0.000293,-0.000856,0.000017,0.001288,0.000614,0.000287,0.000806,0.000514,-0.000366,0.000973,-0.000889,-0.000256]"
103_s8.wav,clear,"[-515.634277,161.750656,38.145664,21.702806,-20.199135,11.740244,-9.811278,-3.473777,-9.762504,-2.095549,-1.390973,-8.908393,-4.159060]","[1.000000,-1.356208,2.152437,-3.258010,3.540061,-3.989850,4.005275,-3.594631,2.892697,-2.105403,1.331576,-0.658976,0.289532]","[-0.000653,-0.000059,0.001550,-0.001103,-0.000743,-0.000434,0.000070,-0.001160,0.001284,-0.000896,-0.000495,0.000148,0.000818]"
103_s9.wav,clear,"[-461.593262,174.024612,25.010918,9.664107,-11.546926,7.516304,-15.377296,-4.694408,-9.972914,-4.754312,-1.405230,-6.865747,-4.457572]","[1.000000,-2.212887,2.893951,-3.989238,4.878894,-4.907977,4.881135,-4.528423,3.450955,-2.346280,1.451693,-0.668033,0.187816]","[-0.001874,-0.000890,-0.000505,0.000382,-0.001827,0.000021,-0.000371,0.000242,-0.000217,-0.000231,-0.000695,-0.000178,-0.000196]"
104_s1.wav,clear,"[-416.286682,176.741043,19.655947,7.773925,-6.584265,8.883509,-21.832739,-11.246613,5.741437,-12.737885,-10.089107,4.317592,-6.368762]","[1.000000,-2.113065,3.109837,-4.494934,5.283948,-5.662749,5.838514,-5.151980,4.086102,-3.057354,1.792443,-0.878684,0.382420]","[-0.002496,-0.000474,0.001641,-0.000086,-0.000745,-0.000723,0.000528,0.000605,0.002552,-0.001582,-0.000020,0.000641,0.000574]"
104_s10.wav,clear,"[-430.829132,179.180359,18.666683,8.837008,-8.033245,8.262654,-20.794863,-14.506350,3.371130,-12.088782,-11.403819,6.270032,-4.895569]","[1.000000,-2.295035,3.362985,-4.756262,5.748557,-6.177247,6.314085,-5.698430,4.632169,-3.455200,2.091375,-0.996768,0.357472]","[-0.000388,-0.001696,-0.001590,0.001033,0.001278,0.000083,-0.000854,0.000500,0.002223,0.000185,0.000749,-0.000586,-0.001770]"
104_s11.wav,unclear,"[-446.616852,170.706726,28.101406,9.176539,-3.711114,5.179298,-16.961441,-13.285501,2.827272,-10.133867,-10.543915,3.109483,-3.548843]","[1.000000,-2.660159,4.319463,-5.937806,7.019690,-7.480425,7.465159,-6.713233,5.384077,-3.845251,2.218139,-0.985664,0.325265]","[0.000468,0.000437,-0.000821,0.001198,-0.000344,-0.000777,0.000151,0.002342,-0.001085,-0.000683,-0.000601,0.000815,-0.001644]"
104_s12.wav,clear,"[-392.066681,190.423187,11.442589,8.884042,5.766020,-5.314778,-25.692335,-11.220593,2.175343,-14.468992,-14.674586,5.064651,-3.131958]","[1.000000,-2.418643,3.664705,-5.029639,5.997489,-6.470790,6.560042,-5.923535,4.744457,-3.423228,2.028408,-0.975566,0.359701]","[-0.000207,0.001565,-0.000120,0.001852,0.000105,-0.001885,0.000442,-0.001784,-0.000042,-0.001618,-0.001104,-0.002212,0.003782]"
104_s13.wav,clear,"[-408.289825,177.920151,19.827305,1.353954,-0.092068,-6.053607,-19.215115,-12.764400,0.976874,-8.805545,-9.716009,3.276144,-3.778179]","[1.000000,-2.752188,4.266411,-5.586486,6.464360,-6.746670,6.613767,-5.790356,4.388935,-2.880704,1.451063,-0.474207,0.123385]","[-0.000564,-0.001210,-0.003031,-0.002127,0.001030,0.002572,-0.001306,-0.001745,-0.000571,0.001430,-0.000189,0.000118,-0.001456]"
104_s14.wav,clear,"[-402.853821,175.362076,13.716200,8.440146,0.894789,-0.971624,-22.447985,-14.587537,2.706321,-8.894051,-12.824665,-1.729561,-5.853113]","[1.000000,-2.488701,3.903887,-5.489608,6.584097,-7.132818,7.268400,-6.595969,5.392629,-3.963573,2.368446,-1.160960,0.418432]","[-0.001677,-0.000529,-0.002415,-0.000320,-0.000953,-0.000365,0.000241,0.000110,0.001940,0.000934,-0.000362,0.001237,0.000918]"
104_s15.wav,clear,"[-402.345978,170.121765,21.064898,3.971927,2.653471,-4.479635,-16.866354,-11.823027,-0.418367,-9.243553,-9.804595,3.268441,-2.984706]","[1.000000,-2.347220,2.851039,-3.023624,2.879261,-2.433884,2.005819,-1.322853,0.495804,0.129691,-0.510230,0.493891,-0.140653]","[0.002610,0.001273,0.003340,0.001303,0.001165,-0.001321,0.000914,-0.001926,-0.000182,-0.001872,-0.000591,-0.002130,0.000310]"
104_s16.wav,clear,"[-416.366547,176.072159,18.251089,12.859405,-0.685655,0.803317,-23.880838,-9.613671,1.211495,-13.105770,-11.629317,4.555238,-3.532922]","[1.000000,-2.222885,3.326121,-4.769013,5.707811,-6.152269,6.273262,-5.619958,4.472262,-3.291749,1.944609,-0.926852,0.374990]","[-0.001598,0.001238,-0.000714,-0.000503,0.002521,-0.000248,0.000005,0.003115,-0.001738,-0.000984,0.001047,0.000424,0.000707]"
104_s17.wav,unclear,"[-514.351440,178.982590,38.635223,6.487580,-6.227174,7.339622,-9.173105,-8.061803,-2.575288,-4.941357,-7.521593,0.408062,-4.105943]","[1.000000,-1.642591,1.929992,-2.649376,2.677168,-2.658559,2.588442,-1.915455,1.379957,-0.901364,0.373799,-0.187548,0.111895]","[0.000295,0.000112,-0.000357,0.000547,0.002015,0.000567,0.001090,0.000803,0.000909,0.000321,0.000266,0.000118,0.000270]"
104_s18.wav,clear,"[-460.552429,172.033066,34.310333,-1.068530,-6.044543,1.678430,-13.108771,-11.854961,-0.965890,-6.146475,-9.401189,-1.245501,-2.939004]","[1.000000,-2.405006,3.419423,-4.572303,5.379472,-5.502323,5.245162,-4.532757,3.475971,-2.392821,1.334229,-0.567966,0.200185]","[0.000464,-0.001296,0.001565,-0.001111,0.000750,-0.001173,0.001031,-0.000428,0.001070,-0.003101,0.002105,-0.001776,0.000749]"
104_s19.wav,clear,"[-388.723694,178.506729,6.407062,17.681282,-5.223753,-2.124969,-25.742117,-9.937728,-1.401528,-11.704573,-12.521975,3.701437,-4.351815]","[1.000000,-2.068718,3.092333,-4.500154,5.467250,-6.012165,6.184585,-5.625994,4.597650,-3.483621,2.172399,-1.144453,0.503426]","[-0.000090,-0.000159,0.000205,0.001432,0.001932,-0.002141,-0.000009,0.000899,-0.001099,-0.000382,-0.000933,0.004087,0.001207]"
104_s2.wav,clear,"[-424.874054,169.693802,10.897588,27.969204,-5.703313,20.290907,-27.749136,-14.439561,7.015028,-11.331263,-13.226210,6.170825,-4.299750]","[1.000000,-1.831759,2.823571,-4.160436,4.831238,-5.420534,5.636241,-5.099801,4.255520,-3.340148,2.101736,-1.168886,0.528786]","[0.001478,0.003721,0.005625,0.006629,0.005295,0.004555,0.006982,0.008027,0.008126,0.006059,0.003300,0.003405,0.002909]"
104_s20.wav,clear,"[-500.025970,157.848740,48.130608,3.836399,-7.478726,2.659729,-1.490021,-5.499652,-3.928637,-7.264582,-10.781038,-0.389762,-3.004417]","[1.000000,-1.903271,2.405598,-3.113513,3.503848,-3.813532,3.574413,-2.922234,2.290266,-1.609333,0.895514,-0.435566,0.196660]","[-0.000400,0.001311,0.000564,-0.002045,0.001726,0.000384,-0.002643,0.000506,0.002563,-0.002381,0.000170,0.002684,-0.000955]"
104_s21.wav,unclear,"[-493.046082,162.525177,32.338860,11.382920,-14.203264,14.169122,-12.956983,-4.031547,-5.787076,-0.164490,-11.618275,2.845231,-2.994252]","[1.000000,-1.276531,2.039285,-2.986536,3.397829,-3.906773,3.815445,-3.447648,3.007644,-2.177606,1.354322,-0.853849,0.352460]","[-0.001090,-0.001466,-0.003500,-0.002420,-0.002322,-0.002117,-0.002020,-0.003022,-0.002141,-0.002350,-0.002998,-0.001120,-0.003923]"
104_s22.wav,unclear,"[-542.990295,197.823441,20.658571,20.049395,-17.663074,16.385136,-12.734440,-3.195509,0.795716,-4.916227,-7.674467,3.663116,-2.973141]","[1.000000,-1.257669,1.592608,-2.302137,1.920006,-2.080705,2.007797,-1.329618,1.050860,-0.506857,0.094877,-0.166528,0.140196]","[0.000431,-0.000436,0.001850,0.000156,0.001309,-0.001940,0.001925,0.000065,0.001034,-0.000776,0.000428,-0.000801,0.002044]"
104_s23.wav,clear,"[-398.892090,172.618927,22.062464,12.306706,2.202799,-2.723801,-24.268375,-10.719529,-0.524370,-12.227738,-13.992355,1.907942,-5.727062]","[1.000000,-1.964703,2.758911,-3.991568,4.773153,-5.205791,5.350630,-4.813677,3.877581,-2.938337,1.810271,-0.969240,0.457316]","[0.000578,-0.000281,0.000323,-0.000893,-0.000160,-0.000620,0.000160,0.000173,0.001004,-0.000061,-0.001284,-0.000339,0.002934]"
104_s24.wav,clear,"[-408.238831,185.882935,15.069837,0.524555,0.755800,0.855347,-22.235851,-4.715604,4.245973,-13.285407,-14.383938,5.705551,-5.737688]","[1.000000,-2.236081,3.343663,-4.762605,5.673768,-6.076005,6.179258,-5.465499,4.300678,-3.097721,1.791197,-0.797286,0.292653]","[-0.000174,0.000501,-0.001276,-0.001395,-0.000654,0.002165,-0.001456,-0.001952,0.000829,0.000781,-0.000643,0.000287,-0.001174]"
104_s25.wav,unclear,"[-529.979675,194.807220,23.423389,9.863083,-8.051190,6.804911,-12.776179,-4.864353,-5.683415,-1.186656,-9.942752,2.566205,-7.777647]","[1.000000,-1.442484,1.124038,-1.729206,2.086624,-1.717552,1.342571,-0.773411,0.342807,-0.306581,0.065652,0.228530,-0.119389]","[-0.000634,0.001103,0.000210,-0.000464,-0.000636,0.001145,-0.000308,-0.000077,-0.000382,0.000143,-0.000376,0.000441,-0.000176]"
104_s26.wav,clear,"[-419.159515,169.750763,14.547376,8.066888,4.051289,-2.158240,-14.570552,-12.595690,-2.692588,-7.227231,-10.523849,-0.983244,-3.820979]","[1.000000,-2.440738,3.800595,-5.268169,6.217633,-6.614861,6.577228,-5.803621,4.505749,-3.149475,1.732183,-0.744662,0.284470]","[0.000418,-0.002078,-0.000034,-0.000661,0.001123,0.000222,-0.001500,-0.000813,-0.002218,0.000422,-0.001123,0.001308,0.000585]"
104_s27.wav,unclear,"[-467.112518,144.720261,45.435154,12.736899,-6.248028,6.132364,-13.870155,-6.679278,-2.358539,-5.723032,-9.694906,1.794947,-3.749577]","[1.000000,-1.388849,1.918711,-3.025534,3.343153,-3.790501,4.028534,-3.543582,3.006381,-2.441106,1.497689,-0.938831,0.556890]","[-0.000948,0.000913,0.000998,-0.001676,0.000299,-0.000161,-0.002141,0.001369,0.000891,-0.000124,0.002502,0.000374,0.000385]"
104_s28.wav,clear,"[-427.206055,167.837692,35.476135,13.720571,-2.873041,15.084281,-16.183098,-15.604907,1.229924,-8.995722,-12.855571,4.620522,-5.706481]","[1.000000,-2.076457,3.235057,-4.743131,5.522338,-6.196738,6.314077,-5.552176,4.643556,-3.409411,2.076815,-1.158094,0.420415]","[-0.000992,-0.002462,0.000310,0.003188,0.001231,-0.001283,-0.001384,-0.000722,-0.000441,0.001854,-0.000450,0.001341,0.001800]"
104_s29.wav,clear,"[-515.471680,195.458679,21.216209,23.672625,-16.706879,14.568157,-8.038445,-3.607197,-1.162735,-6.016355,-3.923808,-0.860861,0.706737]","[1.000000,-1.371704,1.716423,-2.292492,1.874461,-1.777203,1.343129,-0.607917,0.224949,0.190052,-0.317930,0.249918,-0.115418]","[-0.000066,-0.001262,-0.000631,-0.001889,0.000537,-0.002208,-0.000689,-0.002680,-0.000504,-0.001745,-0.000712,-0.002981,-0.000727]"
104_s3.wav,clear,"[-405.486542,178.302307,10.590100,13.392035,4.195027,4.399422,-24.119465,-13.447666,2.859705,-13.508442,-12.787235,1.469808,-2.950694]","[1.000000,-2.406489,3.806143,-5.400243,6.508852,-7.100070,7.204754,-6.498794,5.215642,-3.794260,2.271042,-1.111845,0.419955]","[-0.003733,-0.000746,-0.000935,-0.003224,-0.001435,-0.001648,0.000333,-0.000506,-0.000979,0.002430,0.000735,-0.001224,-0.001597]"
104_s30.wav,unclear,"[-535.361450,182.333542,34.504414,9.372026,-17.367512,7.620148,-3.282135,-1.875314,-3.074077,-5.481482,-7.740277,0.784420,-2.498422]","[1.000000,-1.347763,1.592285,-2.441128,2.619373,-2.885395,2.884564,-2.309302,1.841941,-1.319081,0.816307,-0.498809,0.215981]","[-0.000994,0.000930,-0.000907,-0.000487,-0.000623,0.000445,-0.000264,0.000495,-0.000880,-0.000194,-0.000950,0.000174,-0.000987]"
104_s31.wav,clear,"[-417.962433,159.395889,27.121357,27.869793,-0.494812,6.333749,-16.693048,-14.129216,3.351652,-6.977853,-14.959827,2.568603,-1.955926]","[1.000000,-2.103989,3.137798,-4.352968,5.146273,-5.783125,5.893091,-5.308758,4.348496,-3.226850,2.028845,-1.122365,0.451806]","[0.001437,-0.000313,0.000072,0.000873,0.000189,-0.000600,-0.000202,-0.001758,-0.000314,0.000973,-0.001168,0.001621,-0.000048]"
104_s32.wav,clear,"[-408.100739,169.566162,28.521812,25.532965,-1.617518,12.321884,-21.354729,-17.552546,5.352312,-12.724698,-17.651031,9.239391,-9.642085]","[1.000000,-1.716132,2.494381,-3.799456,4.349332,-4.946299,5.127657,-4.553212,3.888832,-2.994193,1.830480,-1.080818,0.503394]","[0.001831,-0.000687,0.002222,-0.000226,0.001308,0.001732,-0.003619,0.003280,-0.001332,-0.001892,0.000116,0.000594,-0.000240]"
104_s33.wav,clear,"[-376.675018,149.237640,11.776275,27.171934,-10.418414,7.234666,-13.777577,-12.535906,-0.345391,-8.232502,-11.396344,0.126999,-0.471440]","[1.000000,-2.313614,3.683223,-5.139968,6.172282,-6.890484,7.001457,-6.437833,5.342082,-3.958217,2.497423,-1.309962,0.486868]","[-0.000863,-0.000277,-0.001341,0.001156,-0.000705,0.001636,0.000572,-0.000520,0.002154,0.003990,-0.001736,0.001240,0.002720]"
104_s34.wav,clear,"[-394.858582,176.169144,19.166790,3.079739,2.770561,0.732664,-25.411701,-13.038766,1.038179,-9.101402,-11.342772,2.566387,-2.959253]","[1.000000,-2.254997,3.326057,-4.832942,5.913828,-6.324858,6.460063,-5.814360,4.588669,-3.342172,2.025431,-0.983810,0.370648]","[-0.002808,-0.002203,0.001098,0.000728,-0.002135,-0.000724,0.000678,0.001513,0.000811,-0.000732,0.001438,0.002336,0.001303]"
104_s35.wav,clear,"[-433.794952,160.834091,25.370502,6.317815,-1.296712,0.380447,-19.349367,-8.077209,-3.500402,-8.968942,-9.623449,3.117795,-4.759151]","[1.000000,-1.991019,2.634172,-3.896007,4.904914,-5.150851,5.190787,-4.813741,3.878191,-2.844425,1.792397,-0.955531,0.395563]","[-0.000826,-0.001525,-0.000488,0.000780,0.000000,-0.000665,0.001278,-0.000976,-0.000119,-0.000786,0.002384,0.000120,-0.000443]"
104_s36.wav,unclear,"[-379.290436,120.328140,16.858007,26.291002,-9.181289,7.186772,-6.741262,-0.896604,-6.993292,1.054380,-5.762037,0.293757,-5.578128]","[1.000000,-1.927924,3.174867,-4.496046,5.410881,-6.194244,6.188219,-5.631863,4.558942,-3.362084,2.111966,-1.095691,0.410759]","[-0.000772,-0.000921,0.006308,0.006645,0.001150,0.000290,-0.005550,0.005806,0.004902,0.004344,0.004413,-0.003212,0.002124]"
104_s4.wav,clear,"[-386.715546,164.889679,16.869946,11.644803,3.387235,0.035393,-25.514561,-10.594297,2.373408,-13.835761,-13.565958,1.873197,-4.823710]","[1.000000,-2.177124,3.232038,-4.632182,5.632960,-6.146147,6.270036,-5.667753,4.534255,-3.397407,2.112527,-1.068436,0.434856]","[-0.002395,0.001482,-0.002299,0.002328,-0.002297,0.000930,0.001368,0.001253,0.000302,0.003172,-0.002040,0.000242,-0.001211]"
